{
  "genome": [
    2.266492790855725,
    2.025462262620835,
    1.4718844913857867,
    2.72055981370381,
    2.1202540168606463,
    0.4458422304517031,
    0.5307180703835821,
    1.271912698513567,
    3.474094201600416,
    2.38619390965958,
    345.26373839142553,
    5.165625175367133,
    17.8158306797531
  ],
  "mean": [
    2.3825190871138293,
    1.7981985995090415,
    1.5338169497399183,
    2.5975157444535277,
    2.0400116763281493,
    0.3686181002651756,
    0.6218494092836023,
    1.299729876145036,
    3.6821648684521553,
    2.277094296636122,
    324.20802170634073,
    5.129277979070661,
    20.070626305615278
  ],
  "fitness": 10.53030303030303,
  "keys": [
    "brown",
    "lightblue",
    "pink",
    "orange",
    "red",
    "yellow",
    "green",
    "darkblue",
    "rail",
    "util"
  ],
  "layout": "gv[10]+reserve+max_houses+jail_thr"
}