{
  "weights": [
    1.238494216026454,
    1.4039236732409934,
    -0.36212795065683684,
    -0.255490078008462,
    0.37754147664750115,
    0.11942187903288506,
    -0.35437032033896776,
    1.0449147100604528,
    0.2191516309597747,
    -0.2848178580439452,
    1.344087236591969,
    1.1047506135997354
  ],
  "features": 12,
  "curve": [
    [
      1500,
      27.5
    ],
    [
      3000,
      20.5
    ],
    [
      4500,
      20.75
    ],
    [
      6000,
      24.75
    ],
    [
      7500,
      25.25
    ],
    [
      9000,
      19.25
    ],
    [
      10500,
      21.0
    ],
    [
      12000,
      19.5
    ]
  ]
}